Gene,Protein,Pathway_Type,Interaction_Strength,Path_Distance,Energy_Cost,Reliability_Score
PTEN,RAF,DNA Repair,0.7,8.93,1.9,0.67
BRAF,MEK,Metabolism,0.86,2.4,4.78,0.81
PTEN,RAF,Signal Transduction,0.64,8.14,2.81,0.71
KRAS,AKT,Cell Growth,0.82,7.92,2.27,0.71
BRCA1,NFkB,Signal Transduction,0.36,8.1,2.06,0.43
ATM,MAPK,Cell Growth,0.9,4.63,1.77,0.83
TP53,RAS,DNA Repair,0.27,1.93,4.38,0.56
KRAS,RAF,Apoptosis,0.29,2.47,1.85,0.37
PTEN,mTOR,Immune Response,0.81,7.41,2.49,0.85
EGFR,AKT,Cell Growth,0.9,9.94,2.55,0.91
NRAS,MAPK,Immune Response,0.96,6.35,2.23,0.84
PIK3CA,mTOR,Metabolism,0.56,6.65,2.43,0.64
PTEN,AKT,Cell Growth,0.97,2.39,1.48,0.98
MYC,AKT,Apoptosis,0.96,4.51,4.27,0.79
BRCA1,MEK,Apoptosis,0.53,6.8,4.93,0.66
PIK3CA,mTOR,Immune Response,0.93,5.83,0.92,0.9
MYC,MEK,Apoptosis,0.43,7.52,3.07,0.59
MYC,P53,DNA Repair,0.15,2.31,4.91,0.42
CDKN2A,RAS,Immune Response,0.72,7.7,2.29,0.67
KRAS,ERK,Apoptosis,0.92,5.77,3.08,0.9
ATM,RAF,Cell Growth,0.17,4.66,4.21,0.37
CDKN2A,mTOR,Apoptosis,0.25,8.76,1.58,0.47
SMAD4,RAS,Immune Response,0.72,7.95,4.19,0.69
RB1,MEK,Apoptosis,0.86,5.14,1.03,0.85
KRAS,RAF,Cell Growth,0.45,5.49,2.56,0.53
BRCA1,RAS,Signal Transduction,0.15,1.55,2.07,0.46
ATM,RAS,Immune Response,0.92,5.33,2.29,0.75
BRCA1,AKT,Signal Transduction,0.58,2.64,3.94,0.65
PTEN,MAPK,Immune Response,0.91,7.21,3.0,0.84
KRAS,mTOR,DNA Repair,0.97,7.81,1.04,0.97
NRAS,MEK,Signal Transduction,0.35,4.41,1.56,0.49
BRCA1,ERK,Immune Response,0.15,3.16,0.84,0.41
EGFR,CHK2,Metabolism,0.92,5.5,3.97,0.84
ATM,AKT,Signal Transduction,0.63,6.73,0.65,0.69
PIK3CA,MAPK,DNA Repair,0.19,9.24,2.54,0.49
KRAS,MAPK,Signal Transduction,0.72,8.1,2.2,0.66
APC,MEK,Metabolism,0.88,5.67,0.53,0.83
SMAD4,AKT,DNA Repair,0.16,7.52,0.5,0.44
ATM,MEK,Metabolism,0.85,1.3,1.3,0.78
EGFR,mTOR,Metabolism,0.98,7.97,3.65,0.87
KRAS,MAPK,Cell Growth,0.96,3.13,1.33,0.82
KRAS,mTOR,DNA Repair,0.84,4.64,3.85,0.75
MYC,RAS,DNA Repair,0.11,6.14,0.7,0.43
TP53,RAF,Apoptosis,0.15,5.08,3.72,0.43
PTEN,AKT,Apoptosis,0.9,9.81,3.89,0.88
EGFR,P53,Cell Growth,0.34,9.67,1.48,0.47
NRAS,MEK,DNA Repair,0.84,2.44,4.44,0.88
BRCA1,P53,Immune Response,0.6,5.01,3.93,0.56
SMAD4,MEK,DNA Repair,0.94,6.47,2.45,0.94
PTEN,mTOR,Signal Transduction,0.66,3.03,4.59,0.61
RB1,RAS,Apoptosis,0.56,5.65,1.04,0.56
PIK3CA,NFkB,DNA Repair,0.55,5.23,2.42,0.66
CDKN2A,RAS,Metabolism,0.2,4.36,3.6,0.52
SMAD4,mTOR,DNA Repair,0.96,4.0,0.5,0.86
CDKN2A,AKT,DNA Repair,0.85,9.56,2.66,0.72
RB1,RAS,Signal Transduction,0.21,8.67,2.22,0.5
EGFR,P53,Cell Growth,0.12,2.79,1.34,0.42
CDKN2A,RAF,Cell Growth,0.46,6.58,1.22,0.55
KRAS,RAS,Metabolism,0.65,5.08,4.73,0.73
KRAS,RAF,DNA Repair,0.82,4.29,2.88,0.73
SMAD4,NFkB,Cell Growth,0.51,6.35,3.13,0.62
EGFR,CHK2,Signal Transduction,0.8,2.13,2.04,0.71
APC,RAF,Cell Growth,0.69,2.11,1.19,0.75
CDKN2A,RAS,DNA Repair,0.16,1.62,4.21,0.31
BRCA1,RAF,Metabolism,0.92,1.0,3.47,0.81
SMAD4,MAPK,Cell Growth,0.69,5.02,2.78,0.81
KRAS,NFkB,Signal Transduction,0.46,6.38,4.23,0.52
KRAS,AKT,DNA Repair,0.27,3.77,1.92,0.48
MYC,RAS,Cell Growth,0.5,5.36,0.93,0.63
NRAS,MEK,Cell Growth,0.53,3.61,3.38,0.66
MYC,MAPK,Immune Response,0.76,7.68,1.2,0.72
NRAS,AKT,Immune Response,0.81,2.05,1.93,0.76
ATM,RAF,Metabolism,0.73,1.25,0.57,0.71
SMAD4,MAPK,DNA Repair,0.74,6.29,1.56,0.73
EGFR,CHK2,Cell Growth,0.28,9.49,0.87,0.53
CDKN2A,ERK,DNA Repair,0.53,9.52,1.97,0.62
KRAS,RAF,DNA Repair,0.49,5.76,3.73,0.63
PIK3CA,P53,Immune Response,0.56,2.43,1.5,0.68
SMAD4,ERK,Metabolism,0.49,1.46,3.14,0.55
MYC,MAPK,DNA Repair,0.45,7.52,1.14,0.47
PTEN,MEK,DNA Repair,0.77,5.85,0.98,0.86
PIK3CA,ERK,Immune Response,0.87,4.4,4.6,0.91
NRAS,mTOR,Metabolism,0.58,5.06,2.85,0.71
ATM,ERK,Signal Transduction,0.29,2.83,2.74,0.54
APC,RAS,Metabolism,0.92,6.56,2.78,0.94
BRCA1,mTOR,Cell Growth,0.76,3.53,2.59,0.72
NRAS,mTOR,Signal Transduction,0.26,4.39,1.75,0.44
MYC,NFkB,Cell Growth,0.11,7.46,3.9,0.35
ATM,RAF,Signal Transduction,0.21,6.02,4.06,0.48
APC,MEK,Signal Transduction,0.97,6.74,4.33,0.87
MYC,MEK,Immune Response,0.38,1.75,4.96,0.59
ATM,AKT,Signal Transduction,0.2,6.67,4.62,0.42
EGFR,RAF,Metabolism,0.33,6.21,2.71,0.51
PIK3CA,RAF,Immune Response,0.77,4.88,2.69,0.84
EGFR,NFkB,Metabolism,0.88,1.26,3.24,0.8
BRCA1,MAPK,Apoptosis,0.49,4.26,3.16,0.57
BRAF,RAS,Apoptosis,0.3,2.9,4.46,0.43
PIK3CA,mTOR,Apoptosis,0.35,1.55,1.44,0.41
APC,mTOR,Cell Growth,0.67,4.61,4.07,0.61
CDKN2A,RAF,Signal Transduction,0.77,2.78,3.86,0.82
KRAS,ERK,Immune Response,0.61,5.89,1.42,0.59
PIK3CA,ERK,Metabolism,0.25,6.91,1.53,0.37
NRAS,mTOR,Metabolism,0.34,2.26,4.18,0.45
PIK3CA,CHK2,Apoptosis,0.13,2.22,4.71,0.46
BRCA1,P53,Apoptosis,0.45,4.09,2.26,0.57
EGFR,MEK,DNA Repair,0.42,2.64,1.98,0.47
CDKN2A,AKT,Apoptosis,0.46,8.84,3.74,0.6
ATM,mTOR,DNA Repair,0.17,5.23,1.56,0.45
PIK3CA,RAF,Immune Response,0.11,5.51,0.65,0.31
TP53,MEK,Signal Transduction,0.52,5.48,1.15,0.69
PTEN,RAF,Cell Growth,0.21,7.87,1.19,0.36
EGFR,RAF,Immune Response,0.67,5.39,4.09,0.61
KRAS,MEK,Cell Growth,0.66,1.02,2.21,0.64
CDKN2A,AKT,Cell Growth,0.33,9.4,1.03,0.58
EGFR,NFkB,DNA Repair,0.23,6.8,3.04,0.44
PTEN,RAF,Signal Transduction,0.92,6.45,1.96,0.83
BRAF,mTOR,Apoptosis,0.84,5.18,0.68,0.8
SMAD4,RAF,Immune Response,0.7,8.03,2.33,0.69
BRCA1,NFkB,Apoptosis,0.39,9.49,3.46,0.45
NRAS,RAS,Signal Transduction,0.18,7.15,3.29,0.46
BRCA1,AKT,Metabolism,0.31,8.3,4.4,0.47
SMAD4,MEK,Apoptosis,0.83,4.65,1.79,0.83
APC,ERK,Signal Transduction,0.35,5.09,4.03,0.59
BRCA1,P53,Apoptosis,0.57,4.67,0.93,0.71
BRAF,NFkB,Cell Growth,0.29,2.76,4.67,0.52
BRAF,RAS,Immune Response,0.71,7.34,3.33,0.79
ATM,ERK,Cell Growth,0.62,7.63,3.71,0.72
MYC,AKT,Immune Response,0.6,3.03,2.36,0.75
TP53,P53,DNA Repair,0.77,6.22,1.83,0.76
SMAD4,RAF,Apoptosis,0.94,8.79,2.0,0.88
SMAD4,RAS,Cell Growth,0.37,9.33,0.92,0.51
NRAS,RAS,Cell Growth,0.69,6.54,2.05,0.65
SMAD4,mTOR,DNA Repair,0.81,7.19,2.59,0.8
SMAD4,AKT,Signal Transduction,0.25,3.85,4.42,0.41
TP53,AKT,Apoptosis,0.94,7.62,3.94,0.96
RB1,CHK2,Cell Growth,0.86,9.84,0.86,0.81
SMAD4,mTOR,Metabolism,0.6,4.76,1.1,0.73
EGFR,ERK,Metabolism,0.16,1.5,1.1,0.33
BRAF,MAPK,Apoptosis,0.59,1.1,0.58,0.66
EGFR,RAS,Signal Transduction,0.33,8.93,0.52,0.48
BRAF,MAPK,Immune Response,0.17,8.79,1.85,0.5
SMAD4,MAPK,Metabolism,0.44,8.39,4.51,0.56
ATM,MEK,Immune Response,0.64,1.35,3.28,0.68
EGFR,RAF,Immune Response,0.94,1.55,2.24,0.92
BRCA1,AKT,Immune Response,0.98,4.36,0.86,0.81
PIK3CA,MEK,Apoptosis,0.17,9.7,1.83,0.38
BRAF,AKT,DNA Repair,0.62,2.85,2.89,0.58
NRAS,NFkB,Signal Transduction,0.45,4.36,2.96,0.53
CDKN2A,CHK2,Apoptosis,0.54,8.96,3.49,0.7
PTEN,MEK,Cell Growth,0.96,2.04,2.16,0.82
BRAF,ERK,DNA Repair,0.4,2.62,0.58,0.63
NRAS,RAF,Immune Response,0.97,3.1,3.66,0.82
RB1,P53,Metabolism,0.68,9.46,3.8,0.63
BRAF,ERK,Apoptosis,0.63,1.96,3.59,0.73
ATM,MAPK,Cell Growth,0.33,4.15,2.13,0.46
EGFR,CHK2,Apoptosis,0.72,2.79,1.46,0.74
SMAD4,AKT,Metabolism,0.67,1.18,3.6,0.77
PIK3CA,ERK,Apoptosis,0.91,6.57,3.28,0.76
CDKN2A,MEK,Signal Transduction,0.24,5.92,0.93,0.45
BRCA1,CHK2,Signal Transduction,0.24,7.1,3.05,0.49
PTEN,CHK2,Apoptosis,0.79,3.12,0.61,0.81
TP53,RAS,Immune Response,0.56,1.97,4.31,0.72
PIK3CA,ERK,Apoptosis,0.82,7.12,3.94,0.75
EGFR,MAPK,Signal Transduction,0.59,6.33,1.42,0.61
NRAS,MAPK,DNA Repair,0.73,2.49,1.94,0.81
TP53,RAF,Metabolism,0.9,6.8,3.46,0.82
PTEN,P53,DNA Repair,0.87,6.48,4.77,0.76
ATM,CHK2,Immune Response,0.55,4.86,4.87,0.66
KRAS,MEK,Apoptosis,0.19,2.61,3.83,0.36
PIK3CA,MAPK,Signal Transduction,0.27,7.53,3.12,0.51
BRCA1,MEK,DNA Repair,0.5,1.24,4.73,0.68
SMAD4,MEK,DNA Repair,0.38,7.7,0.94,0.63
MYC,RAF,Metabolism,0.56,5.69,4.05,0.68
SMAD4,RAS,Immune Response,0.48,2.02,1.49,0.55
SMAD4,MAPK,Signal Transduction,0.36,1.39,2.42,0.57
PIK3CA,AKT,Signal Transduction,0.62,7.14,1.02,0.63
NRAS,AKT,Metabolism,0.55,3.84,0.84,0.59
ATM,RAF,Signal Transduction,0.5,3.0,2.8,0.64
MYC,AKT,Cell Growth,0.31,4.76,1.29,0.53
PIK3CA,RAS,Cell Growth,0.77,6.05,2.67,0.73
TP53,AKT,Immune Response,0.18,9.32,2.64,0.33
KRAS,P53,DNA Repair,0.94,1.61,4.42,0.92
PIK3CA,NFkB,Metabolism,0.44,5.48,2.86,0.57
MYC,CHK2,Apoptosis,0.67,1.18,3.61,0.78
MYC,AKT,DNA Repair,0.74,6.52,3.79,0.66
PTEN,MAPK,DNA Repair,0.18,9.9,2.73,0.5
RB1,RAF,Immune Response,0.73,4.5,3.78,0.66
BRAF,AKT,DNA Repair,0.39,9.81,3.11,0.48
PTEN,mTOR,Cell Growth,0.24,5.17,2.25,0.47
CDKN2A,MAPK,Apoptosis,0.53,1.7,1.86,0.65
PTEN,P53,Metabolism,0.62,6.57,2.85,0.61
EGFR,P53,Apoptosis,0.14,6.04,4.95,0.29
BRAF,MEK,Signal Transduction,0.29,8.55,2.97,0.41
RB1,NFkB,Immune Response,0.72,8.72,4.31,0.71
PTEN,NFkB,Metabolism,0.92,4.03,2.98,0.83
ATM,AKT,Metabolism,0.42,1.64,4.47,0.58
PTEN,RAS,Signal Transduction,0.47,5.26,2.79,0.51
PTEN,mTOR,Cell Growth,0.4,9.7,1.43,0.53
BRAF,ERK,Cell Growth,0.93,2.99,3.1,0.88
SMAD4,CHK2,Metabolism,0.54,3.61,4.74,0.6
PTEN,ERK,Immune Response,0.51,9.25,3.36,0.61
CDKN2A,AKT,Metabolism,0.49,6.45,1.87,0.51
KRAS,MAPK,Apoptosis,0.83,1.36,1.63,0.79
KRAS,CHK2,Apoptosis,0.38,1.04,2.08,0.55
PIK3CA,CHK2,DNA Repair,0.17,7.72,2.73,0.46
TP53,MEK,Apoptosis,0.12,8.09,2.1,0.31
ATM,RAS,Apoptosis,0.15,7.23,4.09,0.34
ATM,RAS,Signal Transduction,0.62,8.61,3.31,0.6
BRAF,MAPK,Cell Growth,0.34,9.67,2.68,0.46
KRAS,P53,Apoptosis,0.42,2.54,2.04,0.64
BRAF,ERK,Metabolism,0.82,6.24,2.59,0.75
TP53,MEK,DNA Repair,0.23,1.32,4.19,0.52
PIK3CA,mTOR,Metabolism,0.96,3.51,1.28,0.82
CDKN2A,CHK2,Signal Transduction,0.76,8.18,4.66,0.8
ATM,CHK2,Cell Growth,0.6,3.94,0.5,0.63
NRAS,NFkB,Signal Transduction,0.8,2.26,4.88,0.69
RB1,P53,DNA Repair,0.74,5.52,1.32,0.79
APC,P53,DNA Repair,0.15,4.28,3.96,0.4
ATM,MEK,Signal Transduction,0.45,1.54,3.13,0.65
ATM,MAPK,Metabolism,0.78,8.86,3.04,0.73
SMAD4,MEK,Apoptosis,0.6,6.66,3.85,0.68
BRAF,RAF,Signal Transduction,0.21,2.95,2.69,0.41
SMAD4,mTOR,Signal Transduction,0.66,2.77,2.27,0.67
BRCA1,ERK,Cell Growth,0.86,1.85,0.97,0.8
CDKN2A,MEK,Metabolism,0.99,8.15,1.77,0.91
TP53,CHK2,Cell Growth,0.38,3.7,0.7,0.56
RB1,P53,DNA Repair,0.81,6.9,2.49,0.74
MYC,AKT,Signal Transduction,0.19,7.93,2.71,0.32
SMAD4,RAS,Apoptosis,0.19,6.46,1.18,0.43
EGFR,P53,Apoptosis,0.51,6.65,3.81,0.68
APC,CHK2,Cell Growth,0.28,9.66,4.12,0.47
PIK3CA,mTOR,Apoptosis,0.62,5.28,4.65,0.76
TP53,MEK,Signal Transduction,0.78,7.45,3.34,0.67
ATM,CHK2,Immune Response,0.24,4.27,4.83,0.52
RB1,RAS,Apoptosis,0.31,7.64,3.7,0.46
ATM,MAPK,Immune Response,0.52,6.22,4.21,0.7
PIK3CA,P53,Metabolism,0.48,2.56,1.2,0.61
PIK3CA,RAF,DNA Repair,0.17,2.43,2.6,0.35
TP53,RAF,Signal Transduction,0.8,2.44,2.71,0.87
BRCA1,ERK,Immune Response,0.55,8.41,0.62,0.69
NRAS,MEK,DNA Repair,0.73,1.35,4.18,0.76
MYC,AKT,Metabolism,0.56,1.86,0.9,0.56
NRAS,RAS,Immune Response,0.37,9.67,2.69,0.48
ATM,AKT,Apoptosis,0.4,9.51,2.3,0.47
RB1,RAS,Cell Growth,0.45,9.0,2.07,0.6
PIK3CA,MEK,Signal Transduction,0.93,5.14,0.71,0.84
TP53,CHK2,Apoptosis,0.41,9.72,4.96,0.62
PIK3CA,mTOR,Apoptosis,0.77,2.39,1.33,0.7
EGFR,NFkB,Apoptosis,0.15,4.93,0.98,0.38
PIK3CA,AKT,Signal Transduction,0.92,9.76,1.94,0.89
EGFR,CHK2,Apoptosis,0.43,7.43,3.27,0.61
KRAS,P53,Signal Transduction,0.75,6.37,0.92,0.84
NRAS,NFkB,Cell Growth,0.33,2.27,4.74,0.58
PIK3CA,RAF,Immune Response,0.64,5.07,2.86,0.63
EGFR,ERK,Immune Response,0.19,9.22,2.0,0.46
MYC,ERK,Apoptosis,0.11,9.74,2.85,0.37
CDKN2A,mTOR,Cell Growth,0.82,3.46,2.46,0.8
PIK3CA,RAS,Apoptosis,0.43,8.33,4.69,0.51
APC,CHK2,DNA Repair,0.25,2.08,2.15,0.43
MYC,MEK,Signal Transduction,0.86,2.29,4.26,0.89
KRAS,RAF,Immune Response,0.17,5.02,2.44,0.36
NRAS,P53,Apoptosis,0.65,5.4,1.79,0.73
CDKN2A,mTOR,Apoptosis,0.46,2.75,4.11,0.54
CDKN2A,MEK,Cell Growth,0.89,4.86,2.08,0.79
RB1,ERK,Apoptosis,0.14,6.12,2.56,0.34
EGFR,P53,Signal Transduction,0.3,8.3,0.78,0.42
CDKN2A,P53,Cell Growth,0.14,2.44,3.38,0.38
ATM,ERK,Signal Transduction,0.6,6.98,0.79,0.59
RB1,MAPK,Immune Response,0.24,3.7,4.23,0.49
EGFR,ERK,Signal Transduction,0.63,9.15,4.21,0.59
RB1,mTOR,Metabolism,0.51,7.03,4.58,0.58
NRAS,MEK,Apoptosis,0.29,8.76,1.78,0.56
MYC,P53,DNA Repair,0.36,5.05,1.32,0.48
PIK3CA,ERK,Apoptosis,0.72,7.55,0.91,0.72
PTEN,CHK2,Cell Growth,0.71,1.91,1.49,0.7
MYC,AKT,Cell Growth,0.65,3.58,2.15,0.77
EGFR,mTOR,Immune Response,0.46,1.44,0.52,0.49
TP53,MEK,Immune Response,0.98,4.14,3.33,0.91
PIK3CA,mTOR,Immune Response,0.53,6.46,4.6,0.6
EGFR,RAS,Cell Growth,0.63,8.19,2.42,0.59
RB1,MEK,Immune Response,0.78,5.29,4.81,0.76
TP53,ERK,DNA Repair,0.56,9.14,3.78,0.63
PIK3CA,ERK,Apoptosis,0.91,4.98,1.76,0.84
SMAD4,MEK,Signal Transduction,0.99,3.5,4.54,0.83
TP53,RAS,Apoptosis,0.48,6.43,1.86,0.6
PTEN,mTOR,Signal Transduction,0.48,1.5,2.13,0.57
APC,MEK,Signal Transduction,0.25,4.72,1.95,0.47
TP53,RAS,Apoptosis,0.72,8.96,2.16,0.81
BRCA1,MAPK,Metabolism,0.48,8.51,2.45,0.63
MYC,RAF,Metabolism,0.75,5.08,2.28,0.73
EGFR,CHK2,DNA Repair,0.7,9.38,2.86,0.71
PTEN,ERK,Metabolism,0.11,6.75,3.79,0.31
SMAD4,ERK,Apoptosis,0.23,3.9,4.42,0.47
RB1,CHK2,Immune Response,0.35,8.25,4.1,0.55
EGFR,ERK,DNA Repair,0.18,7.32,2.19,0.43
SMAD4,MEK,Signal Transduction,0.34,6.32,4.74,0.57
EGFR,MEK,DNA Repair,0.46,6.54,1.81,0.5
SMAD4,RAS,Apoptosis,0.98,8.9,2.69,0.82
MYC,MAPK,Cell Growth,0.59,8.32,3.41,0.71
MYC,mTOR,Signal Transduction,0.63,2.54,1.72,0.74
