Gene,Mutation,Mutation_Seq,Expression_Level,Impact_Score,Phenotype_Label
KRAS,T>G,KRA_0->T>G,0.306,0.069,Resistance_Variant
BRCA1,T>G,BRC_1->T>G,0.479,0.279,Resistance_Variant
KRAS,A>T,KRA_2->A>T,0.822,0.336,Metabolic_Disorder
EGFR,C>T,EGF_3->C>T,0.139,0.542,Resistance_Variant
BRCA1,T>G,BRC_4->T>G,0.017,0.867,Resistance_Variant
BRCA1,T>G,BRC_5->T>G,0.837,0.205,Metabolic_Disorder
EGFR,A>T,EGF_6->A>T,0.907,0.504,Resistance_Variant
TP53,A>T,TP5_7->A>T,0.328,0.287,Resistance_Variant
KRAS,G>C,KRA_8->G>C,0.776,0.37,Metabolic_Disorder
KRAS,A>T,KRA_9->A>T,0.17,0.616,Resistance_Variant
TP53,T>G,TP5_10->T>G,0.782,0.769,Cancer_Susceptibility
MYC,C>T,MYC_11->C>T,0.189,0.889,Resistance_Variant
EGFR,T>G,EGF_12->T>G,0.068,0.21,Normal
TP53,A>T,TP5_13->A>T,0.324,0.029,Resistance_Variant
TP53,G>C,TP5_14->G>C,0.175,0.058,Normal
EGFR,T>G,EGF_15->T>G,0.711,0.243,Metabolic_Disorder
TP53,T>G,TP5_16->T>G,0.544,0.862,Resistance_Variant
KRAS,G>C,KRA_17->G>C,0.315,0.512,Resistance_Variant
KRAS,G>C,KRA_18->G>C,0.237,0.796,Resistance_Variant
TP53,A>T,TP5_19->A>T,0.041,0.989,Resistance_Variant
KRAS,A>T,KRA_20->A>T,0.782,0.82,Cancer_Susceptibility
TP53,G>C,TP5_21->G>C,0.504,0.367,Metabolic_Disorder
MYC,A>T,MYC_22->A>T,0.461,0.692,Resistance_Variant
EGFR,T>G,EGF_23->T>G,0.369,0.208,Resistance_Variant
BRCA1,C>T,BRC_24->C>T,0.228,0.404,Resistance_Variant
MYC,C>T,MYC_25->C>T,0.213,0.546,Resistance_Variant
EGFR,T>G,EGF_26->T>G,0.549,0.642,Resistance_Variant
TP53,G>C,TP5_27->G>C,0.751,0.995,Cancer_Susceptibility
EGFR,A>T,EGF_28->A>T,0.615,0.696,Resistance_Variant
TP53,C>T,TP5_29->C>T,0.679,0.616,Resistance_Variant
BRCA1,G>C,BRC_30->G>C,0.541,0.949,Resistance_Variant
BRCA1,C>T,BRC_31->C>T,0.314,0.016,Resistance_Variant
BRCA1,A>T,BRC_32->A>T,0.798,0.449,Metabolic_Disorder
KRAS,C>T,KRA_33->C>T,0.228,0.225,Normal
TP53,A>T,TP5_34->A>T,0.716,0.274,Metabolic_Disorder
BRCA1,C>T,BRC_35->C>T,0.412,0.971,Resistance_Variant
KRAS,A>T,KRA_36->A>T,0.096,0.591,Resistance_Variant
MYC,C>T,MYC_37->C>T,0.954,0.032,Metabolic_Disorder
MYC,C>T,MYC_38->C>T,0.009,0.653,Resistance_Variant
KRAS,C>T,KRA_39->C>T,0.726,0.266,Metabolic_Disorder
BRCA1,T>G,BRC_40->T>G,0.069,0.902,Resistance_Variant
EGFR,A>T,EGF_41->A>T,0.566,0.392,Metabolic_Disorder
KRAS,A>T,KRA_42->A>T,0.592,0.294,Metabolic_Disorder
MYC,C>T,MYC_43->C>T,0.169,0.49,Resistance_Variant
BRCA1,G>C,BRC_44->G>C,0.818,0.878,Cancer_Susceptibility
TP53,G>C,TP5_45->G>C,0.891,0.974,Cancer_Susceptibility
BRCA1,T>G,BRC_46->T>G,0.047,0.96,Resistance_Variant
EGFR,C>T,EGF_47->C>T,0.882,0.322,Metabolic_Disorder
TP53,T>G,TP5_48->T>G,0.432,0.722,Resistance_Variant
BRCA1,G>C,BRC_49->G>C,0.722,0.46,Metabolic_Disorder
TP53,C>T,TP5_50->C>T,0.184,0.471,Resistance_Variant
BRCA1,T>G,BRC_51->T>G,0.349,0.542,Resistance_Variant
KRAS,G>C,KRA_52->G>C,0.102,0.055,Normal
KRAS,C>T,KRA_53->C>T,0.011,0.008,Normal
TP53,G>C,TP5_54->G>C,0.777,0.558,Resistance_Variant
TP53,A>T,TP5_55->A>T,0.967,0.468,Metabolic_Disorder
KRAS,T>G,KRA_56->T>G,0.991,0.726,Cancer_Susceptibility
TP53,A>T,TP5_57->A>T,0.389,0.805,Resistance_Variant
TP53,C>T,TP5_58->C>T,0.212,0.751,Resistance_Variant
BRCA1,T>G,BRC_59->T>G,0.686,0.61,Resistance_Variant
TP53,A>T,TP5_60->A>T,0.502,0.165,Metabolic_Disorder
KRAS,T>G,KRA_61->T>G,0.901,0.684,Resistance_Variant
EGFR,C>T,EGF_62->C>T,0.48,0.262,Resistance_Variant
MYC,A>T,MYC_63->A>T,0.132,0.973,Resistance_Variant
MYC,A>T,MYC_64->A>T,0.376,0.33,Resistance_Variant
BRCA1,G>C,BRC_65->G>C,0.312,0.279,Resistance_Variant
EGFR,G>C,EGF_66->G>C,0.674,0.844,Resistance_Variant
EGFR,C>T,EGF_67->C>T,0.868,0.745,Cancer_Susceptibility
TP53,G>C,TP5_68->G>C,0.356,0.551,Resistance_Variant
EGFR,G>C,EGF_69->G>C,0.997,0.734,Cancer_Susceptibility
KRAS,C>T,KRA_70->C>T,0.848,0.12,Metabolic_Disorder
KRAS,T>G,KRA_71->T>G,0.496,0.062,Resistance_Variant
EGFR,G>C,EGF_72->G>C,0.565,0.892,Resistance_Variant
KRAS,A>T,KRA_73->A>T,0.911,0.337,Metabolic_Disorder
MYC,G>C,MYC_74->G>C,0.637,0.446,Metabolic_Disorder
TP53,A>T,TP5_75->A>T,0.852,0.285,Metabolic_Disorder
MYC,A>T,MYC_76->A>T,0.437,0.804,Resistance_Variant
BRCA1,G>C,BRC_77->G>C,0.951,0.705,Cancer_Susceptibility
BRCA1,A>T,BRC_78->A>T,0.057,0.948,Resistance_Variant
EGFR,C>T,EGF_79->C>T,0.401,0.093,Resistance_Variant
KRAS,C>T,KRA_80->C>T,0.467,0.066,Resistance_Variant
MYC,A>T,MYC_81->A>T,0.278,0.789,Resistance_Variant
KRAS,C>T,KRA_82->C>T,0.414,0.446,Resistance_Variant
EGFR,C>T,EGF_83->C>T,0.723,0.542,Resistance_Variant
MYC,A>T,MYC_84->A>T,0.531,0.899,Resistance_Variant
BRCA1,A>T,BRC_85->A>T,0.516,0.761,Resistance_Variant
KRAS,A>T,KRA_86->A>T,0.471,0.686,Resistance_Variant
KRAS,A>T,KRA_87->A>T,0.554,0.148,Metabolic_Disorder
TP53,C>T,TP5_88->C>T,0.748,0.707,Cancer_Susceptibility
MYC,A>T,MYC_89->A>T,0.745,0.353,Metabolic_Disorder
BRCA1,C>T,BRC_90->C>T,0.37,0.003,Resistance_Variant
BRCA1,C>T,BRC_91->C>T,0.586,0.012,Metabolic_Disorder
EGFR,G>C,EGF_92->G>C,0.121,0.783,Resistance_Variant
KRAS,A>T,KRA_93->A>T,0.911,0.95,Cancer_Susceptibility
EGFR,T>G,EGF_94->T>G,0.724,0.073,Metabolic_Disorder
KRAS,T>G,KRA_95->T>G,0.6,0.418,Metabolic_Disorder
MYC,C>T,MYC_96->C>T,0.355,0.715,Resistance_Variant
EGFR,T>G,EGF_97->T>G,0.661,0.129,Metabolic_Disorder
TP53,G>C,TP5_98->G>C,0.553,0.786,Resistance_Variant
TP53,T>G,TP5_99->T>G,0.354,0.84,Resistance_Variant
EGFR,T>G,EGF_100->T>G,0.673,0.294,Metabolic_Disorder
KRAS,G>C,KRA_101->G>C,0.576,0.799,Resistance_Variant
TP53,C>T,TP5_102->C>T,0.047,0.741,Resistance_Variant
BRCA1,A>T,BRC_103->A>T,0.655,0.136,Metabolic_Disorder
BRCA1,C>T,BRC_104->C>T,0.076,0.313,Resistance_Variant
KRAS,T>G,KRA_105->T>G,0.32,0.295,Resistance_Variant
MYC,T>G,MYC_106->T>G,0.376,0.234,Resistance_Variant
MYC,T>G,MYC_107->T>G,0.403,0.829,Resistance_Variant
KRAS,C>T,KRA_108->C>T,0.091,0.56,Resistance_Variant
MYC,G>C,MYC_109->G>C,0.218,0.218,Normal
BRCA1,T>G,BRC_110->T>G,0.536,0.873,Resistance_Variant
KRAS,A>T,KRA_111->A>T,0.372,0.971,Resistance_Variant
BRCA1,T>G,BRC_112->T>G,0.081,0.184,Normal
EGFR,G>C,EGF_113->G>C,0.983,0.39,Metabolic_Disorder
EGFR,G>C,EGF_114->G>C,0.896,0.425,Metabolic_Disorder
BRCA1,C>T,BRC_115->C>T,0.305,0.539,Resistance_Variant
MYC,C>T,MYC_116->C>T,0.106,0.355,Resistance_Variant
KRAS,C>T,KRA_117->C>T,0.089,0.275,Normal
TP53,C>T,TP5_118->C>T,0.137,0.039,Normal
TP53,C>T,TP5_119->C>T,0.796,0.746,Cancer_Susceptibility
TP53,C>T,TP5_120->C>T,0.884,0.387,Metabolic_Disorder
TP53,G>C,TP5_121->G>C,0.394,0.925,Resistance_Variant
MYC,T>G,MYC_122->T>G,0.441,0.875,Resistance_Variant
TP53,C>T,TP5_123->C>T,0.965,0.781,Cancer_Susceptibility
EGFR,T>G,EGF_124->T>G,0.333,0.085,Resistance_Variant
EGFR,G>C,EGF_125->G>C,0.909,0.12,Metabolic_Disorder
MYC,G>C,MYC_126->G>C,0.305,0.598,Resistance_Variant
BRCA1,T>G,BRC_127->T>G,0.734,0.334,Metabolic_Disorder
MYC,T>G,MYC_128->T>G,0.918,0.742,Cancer_Susceptibility
BRCA1,T>G,BRC_129->T>G,0.742,0.036,Metabolic_Disorder
EGFR,G>C,EGF_130->G>C,0.493,0.719,Resistance_Variant
KRAS,G>C,KRA_131->G>C,0.627,0.019,Metabolic_Disorder
TP53,G>C,TP5_132->G>C,0.738,0.945,Cancer_Susceptibility
KRAS,G>C,KRA_133->G>C,0.559,0.001,Metabolic_Disorder
EGFR,A>T,EGF_134->A>T,0.488,0.703,Resistance_Variant
TP53,G>C,TP5_135->G>C,0.717,0.469,Metabolic_Disorder
KRAS,G>C,KRA_136->G>C,0.729,0.155,Metabolic_Disorder
MYC,T>G,MYC_137->T>G,0.666,0.421,Metabolic_Disorder
TP53,A>T,TP5_138->A>T,0.105,0.139,Normal
EGFR,A>T,EGF_139->A>T,0.549,0.209,Metabolic_Disorder
TP53,A>T,TP5_140->A>T,0.993,0.761,Cancer_Susceptibility
EGFR,T>G,EGF_141->T>G,0.255,0.939,Resistance_Variant
MYC,A>T,MYC_142->A>T,0.929,0.362,Metabolic_Disorder
KRAS,T>G,KRA_143->T>G,0.861,0.859,Cancer_Susceptibility
EGFR,G>C,EGF_144->G>C,0.568,0.231,Metabolic_Disorder
KRAS,T>G,KRA_145->T>G,0.778,0.133,Metabolic_Disorder
EGFR,C>T,EGF_146->C>T,0.292,0.289,Normal
EGFR,C>T,EGF_147->C>T,0.374,0.287,Resistance_Variant
BRCA1,C>T,BRC_148->C>T,0.026,0.144,Normal
BRCA1,G>C,BRC_149->G>C,0.047,0.093,Normal
EGFR,G>C,EGF_150->G>C,0.603,0.644,Resistance_Variant
EGFR,G>C,EGF_151->G>C,0.441,0.411,Resistance_Variant
KRAS,C>T,KRA_152->C>T,0.748,0.101,Metabolic_Disorder
KRAS,G>C,KRA_153->G>C,0.687,0.706,Resistance_Variant
TP53,A>T,TP5_154->A>T,0.034,0.094,Normal
TP53,G>C,TP5_155->G>C,0.121,0.267,Normal
TP53,A>T,TP5_156->A>T,0.1,0.268,Normal
BRCA1,T>G,BRC_157->T>G,0.196,0.689,Resistance_Variant
KRAS,T>G,KRA_158->T>G,0.429,0.72,Resistance_Variant
BRCA1,T>G,BRC_159->T>G,0.126,0.357,Resistance_Variant
BRCA1,T>G,BRC_160->T>G,0.956,0.454,Metabolic_Disorder
BRCA1,A>T,BRC_161->A>T,0.137,0.636,Resistance_Variant
MYC,G>C,MYC_162->G>C,0.205,0.795,Resistance_Variant
MYC,C>T,MYC_163->C>T,0.547,0.842,Resistance_Variant
KRAS,C>T,KRA_164->C>T,0.561,0.599,Resistance_Variant
EGFR,A>T,EGF_165->A>T,0.744,0.035,Metabolic_Disorder
MYC,A>T,MYC_166->A>T,0.527,0.593,Resistance_Variant
EGFR,C>T,EGF_167->C>T,0.395,0.816,Resistance_Variant
BRCA1,T>G,BRC_168->T>G,0.389,0.935,Resistance_Variant
TP53,A>T,TP5_169->A>T,0.91,0.888,Cancer_Susceptibility
TP53,A>T,TP5_170->A>T,0.46,0.684,Resistance_Variant
KRAS,A>T,KRA_171->A>T,0.264,0.332,Resistance_Variant
MYC,C>T,MYC_172->C>T,0.706,0.897,Cancer_Susceptibility
EGFR,A>T,EGF_173->A>T,0.697,0.909,Resistance_Variant
TP53,T>G,TP5_174->T>G,0.991,0.646,Resistance_Variant
BRCA1,A>T,BRC_175->A>T,0.854,0.759,Cancer_Susceptibility
MYC,G>C,MYC_176->G>C,0.372,0.968,Resistance_Variant
EGFR,G>C,EGF_177->G>C,0.107,0.368,Resistance_Variant
KRAS,A>T,KRA_178->A>T,0.188,0.785,Resistance_Variant
BRCA1,G>C,BRC_179->G>C,0.724,0.837,Cancer_Susceptibility
TP53,A>T,TP5_180->A>T,0.917,0.068,Metabolic_Disorder
EGFR,A>T,EGF_181->A>T,0.386,0.528,Resistance_Variant
BRCA1,T>G,BRC_182->T>G,0.93,0.337,Metabolic_Disorder
KRAS,T>G,KRA_183->T>G,0.642,0.864,Resistance_Variant
BRCA1,T>G,BRC_184->T>G,0.177,0.771,Resistance_Variant
MYC,G>C,MYC_185->G>C,0.295,0.274,Normal
BRCA1,T>G,BRC_186->T>G,0.592,0.254,Metabolic_Disorder
EGFR,G>C,EGF_187->G>C,0.513,0.399,Metabolic_Disorder
KRAS,T>G,KRA_188->T>G,0.516,0.346,Metabolic_Disorder
MYC,C>T,MYC_189->C>T,0.131,0.626,Resistance_Variant
BRCA1,C>T,BRC_190->C>T,0.091,0.775,Resistance_Variant
TP53,T>G,TP5_191->T>G,0.575,0.571,Resistance_Variant
BRCA1,T>G,BRC_192->T>G,0.711,0.747,Cancer_Susceptibility
KRAS,C>T,KRA_193->C>T,0.625,0.084,Metabolic_Disorder
KRAS,G>C,KRA_194->G>C,0.874,0.282,Metabolic_Disorder
KRAS,T>G,KRA_195->T>G,0.089,0.765,Resistance_Variant
TP53,T>G,TP5_196->T>G,0.205,0.935,Resistance_Variant
BRCA1,C>T,BRC_197->C>T,0.158,0.856,Resistance_Variant
KRAS,C>T,KRA_198->C>T,0.151,0.216,Normal
MYC,A>T,MYC_199->A>T,0.23,0.412,Resistance_Variant
MYC,C>T,MYC_200->C>T,0.356,0.632,Resistance_Variant
KRAS,G>C,KRA_201->G>C,0.494,0.046,Resistance_Variant
TP53,T>G,TP5_202->T>G,0.293,0.854,Resistance_Variant
TP53,T>G,TP5_203->T>G,0.332,0.16,Resistance_Variant
MYC,G>C,MYC_204->G>C,0.961,0.774,Cancer_Susceptibility
MYC,C>T,MYC_205->C>T,0.007,0.348,Resistance_Variant
MYC,G>C,MYC_206->G>C,0.706,0.107,Metabolic_Disorder
TP53,T>G,TP5_207->T>G,0.121,0.615,Resistance_Variant
MYC,G>C,MYC_208->G>C,0.11,0.978,Resistance_Variant
MYC,G>C,MYC_209->G>C,0.179,0.682,Resistance_Variant
TP53,T>G,TP5_210->T>G,0.157,0.916,Resistance_Variant
KRAS,C>T,KRA_211->C>T,0.951,0.87,Cancer_Susceptibility
MYC,C>T,MYC_212->C>T,0.103,0.113,Normal
EGFR,G>C,EGF_213->G>C,0.762,0.911,Cancer_Susceptibility
TP53,A>T,TP5_214->A>T,0.782,0.67,Resistance_Variant
KRAS,A>T,KRA_215->A>T,0.451,0.23,Resistance_Variant
KRAS,A>T,KRA_216->A>T,0.829,0.088,Metabolic_Disorder
KRAS,G>C,KRA_217->G>C,0.449,0.552,Resistance_Variant
TP53,G>C,TP5_218->G>C,0.388,0.372,Resistance_Variant
BRCA1,A>T,BRC_219->A>T,0.623,0.289,Metabolic_Disorder
MYC,T>G,MYC_220->T>G,0.662,0.411,Metabolic_Disorder
MYC,T>G,MYC_221->T>G,0.315,0.065,Resistance_Variant
MYC,G>C,MYC_222->G>C,0.806,0.8,Cancer_Susceptibility
KRAS,C>T,KRA_223->C>T,0.868,0.14,Metabolic_Disorder
KRAS,C>T,KRA_224->C>T,0.661,0.944,Resistance_Variant
EGFR,A>T,EGF_225->A>T,0.594,0.014,Metabolic_Disorder
BRCA1,A>T,BRC_226->A>T,0.98,0.493,Metabolic_Disorder
EGFR,G>C,EGF_227->G>C,0.74,0.268,Metabolic_Disorder
MYC,A>T,MYC_228->A>T,0.988,0.086,Metabolic_Disorder
BRCA1,A>T,BRC_229->A>T,0.449,0.637,Resistance_Variant
TP53,T>G,TP5_230->T>G,0.807,0.908,Cancer_Susceptibility
KRAS,C>T,KRA_231->C>T,0.712,0.439,Metabolic_Disorder
BRCA1,G>C,BRC_232->G>C,0.211,0.861,Resistance_Variant
KRAS,A>T,KRA_233->A>T,0.463,0.417,Resistance_Variant
BRCA1,A>T,BRC_234->A>T,0.259,0.877,Resistance_Variant
KRAS,G>C,KRA_235->G>C,0.412,0.864,Resistance_Variant
BRCA1,C>T,BRC_236->C>T,0.132,0.065,Normal
TP53,C>T,TP5_237->C>T,0.9,0.066,Metabolic_Disorder
MYC,A>T,MYC_238->A>T,0.848,0.518,Resistance_Variant
EGFR,T>G,EGF_239->T>G,0.096,0.877,Resistance_Variant
MYC,T>G,MYC_240->T>G,0.494,0.159,Resistance_Variant
MYC,G>C,MYC_241->G>C,0.531,0.778,Resistance_Variant
EGFR,T>G,EGF_242->T>G,0.802,0.039,Metabolic_Disorder
BRCA1,C>T,BRC_243->C>T,0.166,0.395,Resistance_Variant
BRCA1,C>T,BRC_244->C>T,0.378,0.445,Resistance_Variant
MYC,G>C,MYC_245->G>C,0.359,0.429,Resistance_Variant
KRAS,A>T,KRA_246->A>T,0.719,0.028,Metabolic_Disorder
TP53,G>C,TP5_247->G>C,0.982,0.505,Resistance_Variant
KRAS,T>G,KRA_248->T>G,0.696,0.981,Resistance_Variant
EGFR,T>G,EGF_249->T>G,0.964,0.88,Cancer_Susceptibility
TP53,G>C,TP5_250->G>C,0.373,0.197,Resistance_Variant
TP53,T>G,TP5_251->T>G,0.375,0.707,Resistance_Variant
TP53,A>T,TP5_252->A>T,0.526,0.798,Resistance_Variant
EGFR,G>C,EGF_253->G>C,0.608,0.724,Resistance_Variant
KRAS,T>G,KRA_254->T>G,0.647,0.259,Metabolic_Disorder
EGFR,G>C,EGF_255->G>C,0.284,0.739,Resistance_Variant
BRCA1,G>C,BRC_256->G>C,0.757,0.015,Metabolic_Disorder
KRAS,T>G,KRA_257->T>G,0.966,0.662,Resistance_Variant
BRCA1,A>T,BRC_258->A>T,0.87,0.854,Cancer_Susceptibility
TP53,T>G,TP5_259->T>G,0.936,0.853,Cancer_Susceptibility
EGFR,G>C,EGF_260->G>C,0.21,0.878,Resistance_Variant
KRAS,C>T,KRA_261->C>T,0.987,0.701,Cancer_Susceptibility
BRCA1,A>T,BRC_262->A>T,0.657,0.55,Resistance_Variant
TP53,T>G,TP5_263->T>G,0.8,0.646,Resistance_Variant
EGFR,G>C,EGF_264->G>C,0.403,0.649,Resistance_Variant
EGFR,C>T,EGF_265->C>T,0.726,0.781,Cancer_Susceptibility
BRCA1,T>G,BRC_266->T>G,0.444,0.499,Resistance_Variant
TP53,C>T,TP5_267->C>T,0.702,0.552,Resistance_Variant
TP53,T>G,TP5_268->T>G,0.479,0.17,Resistance_Variant
KRAS,T>G,KRA_269->T>G,0.274,0.841,Resistance_Variant
BRCA1,T>G,BRC_270->T>G,0.902,0.522,Resistance_Variant
EGFR,A>T,EGF_271->A>T,0.595,0.637,Resistance_Variant
EGFR,G>C,EGF_272->G>C,0.57,0.448,Metabolic_Disorder
TP53,T>G,TP5_273->T>G,0.127,0.295,Normal
TP53,T>G,TP5_274->T>G,0.771,0.705,Cancer_Susceptibility
BRCA1,T>G,BRC_275->T>G,0.303,0.338,Resistance_Variant
MYC,A>T,MYC_276->A>T,0.578,0.698,Resistance_Variant
KRAS,C>T,KRA_277->C>T,0.981,0.869,Cancer_Susceptibility
MYC,G>C,MYC_278->G>C,0.882,0.955,Cancer_Susceptibility
KRAS,A>T,KRA_279->A>T,0.891,0.812,Cancer_Susceptibility
EGFR,T>G,EGF_280->T>G,0.173,0.888,Resistance_Variant
KRAS,C>T,KRA_281->C>T,0.06,0.167,Normal
EGFR,C>T,EGF_282->C>T,0.416,0.579,Resistance_Variant
BRCA1,A>T,BRC_283->A>T,0.303,0.403,Resistance_Variant
BRCA1,T>G,BRC_284->T>G,0.699,0.331,Metabolic_Disorder
MYC,A>T,MYC_285->A>T,0.728,0.582,Resistance_Variant
EGFR,C>T,EGF_286->C>T,0.016,0.446,Resistance_Variant
TP53,A>T,TP5_287->A>T,0.8,0.001,Metabolic_Disorder
TP53,T>G,TP5_288->T>G,0.535,0.295,Metabolic_Disorder
KRAS,T>G,KRA_289->T>G,0.624,0.252,Metabolic_Disorder
EGFR,A>T,EGF_290->A>T,0.179,0.764,Resistance_Variant
BRCA1,A>T,BRC_291->A>T,0.361,0.852,Resistance_Variant
TP53,A>T,TP5_292->A>T,0.163,0.634,Resistance_Variant
BRCA1,C>T,BRC_293->C>T,0.781,0.447,Metabolic_Disorder
EGFR,T>G,EGF_294->T>G,0.407,0.887,Resistance_Variant
TP53,T>G,TP5_295->T>G,0.602,0.719,Resistance_Variant
EGFR,G>C,EGF_296->G>C,0.72,0.405,Metabolic_Disorder
BRCA1,G>C,BRC_297->G>C,0.612,0.625,Resistance_Variant
TP53,G>C,TP5_298->G>C,0.508,0.374,Metabolic_Disorder
EGFR,T>G,EGF_299->T>G,0.369,0.184,Resistance_Variant
BRCA1,G>C,BRC_300->G>C,0.467,0.672,Resistance_Variant
BRCA1,T>G,BRC_301->T>G,0.919,0.538,Resistance_Variant
EGFR,T>G,EGF_302->T>G,0.976,0.2,Metabolic_Disorder
TP53,A>T,TP5_303->A>T,0.385,0.017,Resistance_Variant
KRAS,G>C,KRA_304->G>C,0.067,0.969,Resistance_Variant
MYC,C>T,MYC_305->C>T,0.402,0.749,Resistance_Variant
EGFR,A>T,EGF_306->A>T,0.786,0.854,Cancer_Susceptibility
KRAS,G>C,KRA_307->G>C,0.704,0.204,Metabolic_Disorder
EGFR,C>T,EGF_308->C>T,0.067,0.37,Resistance_Variant
TP53,G>C,TP5_309->G>C,0.284,0.65,Resistance_Variant
TP53,T>G,TP5_310->T>G,0.878,0.961,Cancer_Susceptibility
MYC,A>T,MYC_311->A>T,0.626,0.767,Resistance_Variant
KRAS,C>T,KRA_312->C>T,0.3,0.369,Resistance_Variant
MYC,T>G,MYC_313->T>G,0.666,0.583,Resistance_Variant
KRAS,C>T,KRA_314->C>T,0.375,0.604,Resistance_Variant
MYC,C>T,MYC_315->C>T,0.43,0.133,Resistance_Variant
MYC,T>G,MYC_316->T>G,0.229,0.651,Resistance_Variant
TP53,C>T,TP5_317->C>T,0.756,0.744,Cancer_Susceptibility
KRAS,G>C,KRA_318->G>C,0.27,0.883,Resistance_Variant
MYC,C>T,MYC_319->C>T,0.782,0.948,Cancer_Susceptibility
MYC,C>T,MYC_320->C>T,0.125,0.897,Resistance_Variant
KRAS,A>T,KRA_321->A>T,0.536,0.827,Resistance_Variant
MYC,C>T,MYC_322->C>T,0.739,0.708,Cancer_Susceptibility
EGFR,T>G,EGF_323->T>G,0.961,0.87,Cancer_Susceptibility
TP53,G>C,TP5_324->G>C,0.482,0.166,Resistance_Variant
BRCA1,C>T,BRC_325->C>T,0.57,0.617,Resistance_Variant
BRCA1,A>T,BRC_326->A>T,0.071,0.984,Resistance_Variant
KRAS,T>G,KRA_327->T>G,0.371,0.898,Resistance_Variant
BRCA1,C>T,BRC_328->C>T,0.475,0.493,Resistance_Variant
EGFR,T>G,EGF_329->T>G,0.142,0.732,Resistance_Variant
MYC,T>G,MYC_330->T>G,0.081,0.551,Resistance_Variant
BRCA1,G>C,BRC_331->G>C,0.908,0.399,Metabolic_Disorder
BRCA1,C>T,BRC_332->C>T,0.347,0.99,Resistance_Variant
TP53,T>G,TP5_333->T>G,0.385,0.023,Resistance_Variant
KRAS,T>G,KRA_334->T>G,0.589,0.361,Metabolic_Disorder
MYC,G>C,MYC_335->G>C,0.281,0.426,Resistance_Variant
KRAS,C>T,KRA_336->C>T,0.82,0.932,Cancer_Susceptibility
EGFR,A>T,EGF_337->A>T,0.679,0.672,Resistance_Variant
KRAS,G>C,KRA_338->G>C,0.819,0.73,Cancer_Susceptibility
TP53,T>G,TP5_339->T>G,0.193,0.94,Resistance_Variant
EGFR,G>C,EGF_340->G>C,0.59,0.413,Metabolic_Disorder
KRAS,C>T,KRA_341->C>T,0.303,0.829,Resistance_Variant
KRAS,C>T,KRA_342->C>T,0.808,0.252,Metabolic_Disorder
KRAS,A>T,KRA_343->A>T,0.957,0.669,Resistance_Variant
EGFR,T>G,EGF_344->T>G,0.326,0.041,Resistance_Variant
BRCA1,C>T,BRC_345->C>T,0.668,0.738,Resistance_Variant
BRCA1,G>C,BRC_346->G>C,0.602,0.934,Resistance_Variant
MYC,T>G,MYC_347->T>G,0.597,0.0,Metabolic_Disorder
EGFR,C>T,EGF_348->C>T,0.192,0.603,Resistance_Variant
EGFR,G>C,EGF_349->G>C,0.201,0.617,Resistance_Variant
MYC,G>C,MYC_350->G>C,0.141,0.548,Resistance_Variant
BRCA1,G>C,BRC_351->G>C,0.142,0.965,Resistance_Variant
EGFR,C>T,EGF_352->C>T,0.819,0.431,Metabolic_Disorder
MYC,A>T,MYC_353->A>T,0.291,0.127,Normal
BRCA1,C>T,BRC_354->C>T,0.613,0.846,Resistance_Variant
TP53,C>T,TP5_355->C>T,0.025,0.262,Normal
BRCA1,C>T,BRC_356->C>T,0.234,0.734,Resistance_Variant
MYC,G>C,MYC_357->G>C,0.64,0.524,Resistance_Variant
TP53,T>G,TP5_358->T>G,0.645,0.259,Metabolic_Disorder
TP53,A>T,TP5_359->A>T,0.234,0.806,Resistance_Variant
KRAS,A>T,KRA_360->A>T,0.8,0.597,Resistance_Variant
BRCA1,C>T,BRC_361->C>T,0.651,0.489,Metabolic_Disorder
EGFR,A>T,EGF_362->A>T,0.705,0.48,Metabolic_Disorder
BRCA1,T>G,BRC_363->T>G,0.112,0.068,Normal
MYC,A>T,MYC_364->A>T,0.088,0.668,Resistance_Variant
EGFR,C>T,EGF_365->C>T,0.903,0.021,Metabolic_Disorder
KRAS,T>G,KRA_366->T>G,0.851,0.23,Metabolic_Disorder
TP53,C>T,TP5_367->C>T,0.106,0.939,Resistance_Variant
KRAS,T>G,KRA_368->T>G,0.099,0.42,Resistance_Variant
KRAS,A>T,KRA_369->A>T,0.958,0.034,Metabolic_Disorder
TP53,G>C,TP5_370->G>C,0.931,0.384,Metabolic_Disorder
MYC,T>G,MYC_371->T>G,0.695,0.987,Resistance_Variant
MYC,C>T,MYC_372->C>T,0.461,0.408,Resistance_Variant
TP53,T>G,TP5_373->T>G,0.467,0.464,Resistance_Variant
EGFR,A>T,EGF_374->A>T,0.755,0.124,Metabolic_Disorder
MYC,T>G,MYC_375->T>G,0.547,0.057,Metabolic_Disorder
BRCA1,G>C,BRC_376->G>C,0.672,0.569,Resistance_Variant
BRCA1,T>G,BRC_377->T>G,0.633,0.535,Resistance_Variant
BRCA1,G>C,BRC_378->G>C,0.092,0.083,Normal
BRCA1,T>G,BRC_379->T>G,0.236,0.219,Normal
KRAS,T>G,KRA_380->T>G,0.577,0.306,Metabolic_Disorder
MYC,A>T,MYC_381->A>T,0.396,0.816,Resistance_Variant
KRAS,T>G,KRA_382->T>G,0.397,0.091,Resistance_Variant
KRAS,G>C,KRA_383->G>C,0.788,0.116,Metabolic_Disorder
MYC,G>C,MYC_384->G>C,0.93,0.843,Cancer_Susceptibility
TP53,C>T,TP5_385->C>T,0.368,0.971,Resistance_Variant
BRCA1,A>T,BRC_386->A>T,0.123,0.252,Normal
BRCA1,A>T,BRC_387->A>T,0.733,0.512,Resistance_Variant
EGFR,C>T,EGF_388->C>T,0.204,0.94,Resistance_Variant
MYC,T>G,MYC_389->T>G,0.887,0.925,Cancer_Susceptibility
MYC,T>G,MYC_390->T>G,0.315,0.381,Resistance_Variant
EGFR,T>G,EGF_391->T>G,0.681,0.161,Metabolic_Disorder
EGFR,C>T,EGF_392->C>T,0.031,0.521,Resistance_Variant
TP53,T>G,TP5_393->T>G,0.942,0.608,Resistance_Variant
KRAS,C>T,KRA_394->C>T,0.024,0.879,Resistance_Variant
EGFR,T>G,EGF_395->T>G,0.193,0.52,Resistance_Variant
TP53,G>C,TP5_396->G>C,0.023,0.358,Resistance_Variant
MYC,C>T,MYC_397->C>T,0.843,0.038,Metabolic_Disorder
TP53,A>T,TP5_398->A>T,0.287,0.798,Resistance_Variant
KRAS,A>T,KRA_399->A>T,0.124,0.905,Resistance_Variant
KRAS,G>C,KRA_400->G>C,0.723,0.816,Cancer_Susceptibility
BRCA1,G>C,BRC_401->G>C,0.077,0.57,Resistance_Variant
BRCA1,C>T,BRC_402->C>T,0.45,0.46,Resistance_Variant
BRCA1,C>T,BRC_403->C>T,0.792,0.177,Metabolic_Disorder
KRAS,T>G,KRA_404->T>G,0.392,0.601,Resistance_Variant
BRCA1,A>T,BRC_405->A>T,0.067,0.425,Resistance_Variant
EGFR,A>T,EGF_406->A>T,0.614,0.261,Metabolic_Disorder
KRAS,C>T,KRA_407->C>T,0.704,0.292,Metabolic_Disorder
MYC,T>G,MYC_408->T>G,0.576,0.451,Metabolic_Disorder
KRAS,G>C,KRA_409->G>C,0.683,0.009,Metabolic_Disorder
EGFR,G>C,EGF_410->G>C,0.625,0.623,Resistance_Variant
BRCA1,C>T,BRC_411->C>T,0.386,0.881,Resistance_Variant
MYC,C>T,MYC_412->C>T,0.218,0.766,Resistance_Variant
TP53,C>T,TP5_413->C>T,0.026,0.627,Resistance_Variant
MYC,C>T,MYC_414->C>T,0.425,0.439,Resistance_Variant
EGFR,G>C,EGF_415->G>C,0.348,0.476,Resistance_Variant
BRCA1,C>T,BRC_416->C>T,0.148,0.119,Normal
MYC,C>T,MYC_417->C>T,0.564,0.137,Metabolic_Disorder
BRCA1,C>T,BRC_418->C>T,0.315,0.846,Resistance_Variant
KRAS,G>C,KRA_419->G>C,0.594,0.687,Resistance_Variant
MYC,C>T,MYC_420->C>T,0.378,0.183,Resistance_Variant
BRCA1,T>G,BRC_421->T>G,0.474,0.006,Resistance_Variant
KRAS,C>T,KRA_422->C>T,0.985,0.713,Cancer_Susceptibility
EGFR,T>G,EGF_423->T>G,0.489,0.755,Resistance_Variant
KRAS,C>T,KRA_424->C>T,0.892,0.62,Resistance_Variant
BRCA1,A>T,BRC_425->A>T,0.371,0.972,Resistance_Variant
BRCA1,C>T,BRC_426->C>T,0.771,0.295,Metabolic_Disorder
MYC,G>C,MYC_427->G>C,0.037,0.694,Resistance_Variant
TP53,C>T,TP5_428->C>T,0.742,0.932,Cancer_Susceptibility
BRCA1,T>G,BRC_429->T>G,0.838,0.401,Metabolic_Disorder
TP53,A>T,TP5_430->A>T,0.323,0.14,Resistance_Variant
EGFR,C>T,EGF_431->C>T,0.072,0.28,Normal
KRAS,A>T,KRA_432->A>T,0.392,0.139,Resistance_Variant
MYC,C>T,MYC_433->C>T,0.75,0.635,Resistance_Variant
TP53,T>G,TP5_434->T>G,0.444,0.052,Resistance_Variant
TP53,G>C,TP5_435->G>C,0.197,0.174,Normal
EGFR,A>T,EGF_436->A>T,0.367,0.824,Resistance_Variant
EGFR,C>T,EGF_437->C>T,0.663,0.606,Resistance_Variant
MYC,A>T,MYC_438->A>T,0.95,0.613,Resistance_Variant
MYC,T>G,MYC_439->T>G,0.324,0.281,Resistance_Variant
KRAS,A>T,KRA_440->A>T,0.798,0.196,Metabolic_Disorder
EGFR,T>G,EGF_441->T>G,0.568,0.14,Metabolic_Disorder
EGFR,C>T,EGF_442->C>T,0.117,0.428,Resistance_Variant
MYC,T>G,MYC_443->T>G,0.354,0.857,Resistance_Variant
EGFR,C>T,EGF_444->C>T,0.249,0.786,Resistance_Variant
BRCA1,C>T,BRC_445->C>T,0.616,0.707,Resistance_Variant
MYC,G>C,MYC_446->G>C,0.389,0.419,Resistance_Variant
MYC,A>T,MYC_447->A>T,0.433,0.952,Resistance_Variant
EGFR,C>T,EGF_448->C>T,0.91,0.261,Metabolic_Disorder
EGFR,A>T,EGF_449->A>T,0.377,0.807,Resistance_Variant
EGFR,G>C,EGF_450->G>C,0.128,0.828,Resistance_Variant
EGFR,A>T,EGF_451->A>T,0.191,0.205,Normal
BRCA1,A>T,BRC_452->A>T,0.932,0.239,Metabolic_Disorder
MYC,G>C,MYC_453->G>C,0.241,0.583,Resistance_Variant
TP53,C>T,TP5_454->C>T,0.212,0.372,Resistance_Variant
KRAS,C>T,KRA_455->C>T,0.832,0.478,Metabolic_Disorder
TP53,T>G,TP5_456->T>G,0.701,0.395,Metabolic_Disorder
TP53,T>G,TP5_457->T>G,0.671,0.48,Metabolic_Disorder
EGFR,T>G,EGF_458->T>G,0.687,0.974,Resistance_Variant
BRCA1,C>T,BRC_459->C>T,0.46,0.752,Resistance_Variant
MYC,C>T,MYC_460->C>T,0.567,0.44,Metabolic_Disorder
EGFR,T>G,EGF_461->T>G,0.544,0.38,Metabolic_Disorder
BRCA1,T>G,BRC_462->T>G,0.737,0.363,Metabolic_Disorder
EGFR,A>T,EGF_463->A>T,0.353,0.846,Resistance_Variant
EGFR,T>G,EGF_464->T>G,0.692,0.227,Metabolic_Disorder
KRAS,G>C,KRA_465->G>C,0.225,0.404,Resistance_Variant
TP53,T>G,TP5_466->T>G,0.545,0.962,Resistance_Variant
KRAS,T>G,KRA_467->T>G,0.678,0.629,Resistance_Variant
BRCA1,T>G,BRC_468->T>G,0.187,0.449,Resistance_Variant
EGFR,A>T,EGF_469->A>T,0.079,0.352,Resistance_Variant
BRCA1,C>T,BRC_470->C>T,0.078,0.071,Normal
TP53,C>T,TP5_471->C>T,0.188,0.356,Resistance_Variant
MYC,A>T,MYC_472->A>T,0.589,0.705,Resistance_Variant
KRAS,G>C,KRA_473->G>C,0.83,0.999,Cancer_Susceptibility
MYC,G>C,MYC_474->G>C,0.986,0.963,Cancer_Susceptibility
KRAS,A>T,KRA_475->A>T,0.233,0.697,Resistance_Variant
KRAS,A>T,KRA_476->A>T,0.199,0.797,Resistance_Variant
BRCA1,T>G,BRC_477->T>G,0.249,0.46,Resistance_Variant
MYC,C>T,MYC_478->C>T,0.108,0.474,Resistance_Variant
KRAS,T>G,KRA_479->T>G,0.097,0.418,Resistance_Variant
KRAS,C>T,KRA_480->C>T,0.6,0.098,Metabolic_Disorder
MYC,A>T,MYC_481->A>T,0.659,0.21,Metabolic_Disorder
EGFR,G>C,EGF_482->G>C,0.475,0.367,Resistance_Variant
BRCA1,A>T,BRC_483->A>T,0.096,0.66,Resistance_Variant
BRCA1,A>T,BRC_484->A>T,0.76,0.198,Metabolic_Disorder
MYC,A>T,MYC_485->A>T,0.15,0.196,Normal
MYC,T>G,MYC_486->T>G,0.117,0.667,Resistance_Variant
KRAS,C>T,KRA_487->C>T,0.191,0.344,Resistance_Variant
KRAS,A>T,KRA_488->A>T,0.626,0.861,Resistance_Variant
TP53,G>C,TP5_489->G>C,0.02,0.161,Normal
MYC,G>C,MYC_490->G>C,0.352,0.362,Resistance_Variant
EGFR,T>G,EGF_491->T>G,0.853,1.0,Cancer_Susceptibility
EGFR,G>C,EGF_492->G>C,0.537,0.414,Metabolic_Disorder
TP53,T>G,TP5_493->T>G,0.482,0.471,Resistance_Variant
BRCA1,C>T,BRC_494->C>T,0.945,0.962,Cancer_Susceptibility
EGFR,C>T,EGF_495->C>T,0.067,0.849,Resistance_Variant
TP53,A>T,TP5_496->A>T,0.589,0.313,Metabolic_Disorder
EGFR,C>T,EGF_497->C>T,0.683,0.831,Resistance_Variant
BRCA1,C>T,BRC_498->C>T,0.324,0.848,Resistance_Variant
BRCA1,G>C,BRC_499->G>C,0.023,0.789,Resistance_Variant
