Expression_Level,GC_Content,Mutation_Frequency,Mutation_E1309X,Mutation_G12D,Mutation_L858R,Mutation_Q61R,Mutation_R130Q,Mutation_T58I,Mutation_V600K,Mutation_p.R273H,Mutation_p.V600E,Category_Low,Category_Medium,Predicted_Impact_Score
7.2,0.55,0.02,0,False,False,0,0,0,0,0,0,False,False,0.7150666666666654
8.1,0.62,0.03,0,False,False,0,0,0,0,0,0,False,True,0.5472666666666671
6.9,0.48,0.05,0,False,True,0,0,0,0,0,0,True,False,0.41480000000000067
9.3,0.59,0.04,0,True,False,0,0,0,0,0,0,False,False,0.7151333333333324
7.5,0.57,0.06,0,False,False,0,0,0,0,0,0,False,True,0.5472666666666671
5.8,0.53,0.01,0,False,False,0,0,0,0,0,0,True,False,0.41293333333333404
6.2,0.61,0.03,0,False,False,0,0,0,0,0,0,False,False,0.7150666666666654
8.9,0.5,0.02,0,False,False,0,0,0,0,0,0,False,True,0.5472666666666671
7.7,0.58,0.05,0,False,False,0,0,0,0,0,0,True,False,0.41293333333333404
6.5,0.54,0.04,0,False,False,0,0,0,0,0,0,False,False,0.7150666666666654
